fold,r2_reg,accuracy_cls
1,-0.0030523953558405648,0.5005636540330418
2,0.0019470927814336791,0.49951409135082603
3,3.889703808546141e-05,0.5002526724975704
4,-0.00022920873288678756,0.49983479105928086
5,0.0010317091476581552,0.5003206997084548
