fold,r2_oos
1,-0.07242777547281642
2,-0.1291298709166313
3,-0.08127946874058978
4,0.0014933288303090597
5,-0.00811379685464031
