model,r2_full_sample
elastic,0.0
rf,0.7388795468275648
gb,0.8785774849251289
